MRd,MEqp,beff,bw,h,hf,fi,fck,n1,n2,ro1,ro2,wk,Mcr,cost
2154.930775518141,1220.6398058577238,1376.5943026323068,877.187246332921,639.7116121566906,406.52286643203956,14,50,59,15,0.011885283353177059,0.0030216822084348453,0.15781123157738786,738.8720815511274,939.2651873832468
2880.2998737735775,1701.1564723381548,351.05183059985495,241.58618007009767,1034.8612345558874,146.54799792912644,32,50,9,4,0.027206260262896798,0.012091671227954133,0.1682169397252071,1036.0476484261828,579.1179045580373
507.15956741705025,1701.4021248224942,533.0861395841245,378.5602678292948,460.35117025550204,108.62804347667245,12,35,28,11,0.016574810618524772,0.006511532742991874,1.1297539722971888,143.72869772662284,267.549300051316
3460.965954791807,790.4425766566143,2000.894871012989,1180.395891364074,1396.7899080879313,453.81772755299284,8,20,121,45,0.003009280599512345,0.0011191539419674011,0.052605950781166685,1793.718919450941,1034.0630617960012
269.3557606554425,890.3572526589336,1544.6515132411062,737.8024297364516,219.73383766662937,71.86397056786183,25,20,11,2,0.024532147095815842,0.004460390381057426,0.9650083551621147,38.920088663608574,326.8664853786107
115.53276057553416,37.750142558732584,536.7270151000304,531.3629594036117,222.13412200440632,169.89190797184972,32,45,3,2,0.020284501508447173,0.013523001005631448,0.06811436731561997,30.608540206636864,227.79327387325264
5564.505521213272,1878.8812517793829,974.5462707773852,662.5484141724269,1268.7552665716562,333.8539368266793,28,16,18,12,0.011731424359342418,0.007820949572894946,0.09716023775053577,1484.2767219547209,1007.556591046538
993.2049870587299,1934.2733995472952,2996.129884534054,623.7278310514982,350.7372492041471,79.92367810777321,20,35,29,13,0.022309405534882535,0.01000076799839562,0.5941446797857581,267.9413405260883,718.7807175479238
10174.130701932578,449.08579946951005,2839.9069740653354,850.0761094079312,1465.2541339700597,206.82518307793154,28,35,28,13,0.010404202431314461,0.0048305225573959994,0.010717334223305485,4182.210692597578,1813.1500371936768
405.207392583345,569.4556548163043,266.7771468659263,249.0694223854278,486.38966037280716,264.6511328366681,28,30,4,4,0.01957391649847003,0.01957391649847003,0.49739979987357913,102.92473014023507,248.9849973145248
262.5201819623046,1165.7021566371038,586.2868745824453,134.45809177813254,434.8611722026346,169.92974528719762,28,25,3,3,0.013658113483920832,0.013658113483920832,1.4778932262606597,77.08563764878049,198.55535811155625
531.5269899578245,557.2975103501825,261.27195416070987,255.88181455248608,618.6896875746124,58.16781675449059,32,16,3,3,0.015210361389520624,0.015210361389520624,0.4066173533200788,131.7359952097829,236.7465553501802
846.6633913644498,1696.7890759684653,824.0513903525211,195.4317821286565,717.3252478562115,328.34662575591767,32,30,4,4,0.009281746283210709,0.009281746283210709,0.7104653241480295,312.69626364254736,407.2139629746812
1935.3476938590766,351.69782563688386,1575.9413821158919,967.0389932987171,726.9707897414029,259.01522201499074,32,25,9,2,0.008409465441938546,0.001868770098208566,0.051767639265814194,586.0481459260725,690.1965793167117
3475.3010594968787,1677.7043534181832,1625.9288799639105,979.9292054290626,559.7718149735654,481.1619869716349,32,16,29,11,0.027139950023832047,0.010294463802143189,0.10773900019581784,599.1467019208345,1518.8705949474256
235.5988489386204,1977.9568214350047,1865.7322471517405,487.8815730024266,242.9879347348592,53.26856483477898,25,30,8,6,0.020458888371190084,0.015344166278392564,2.566134186156199,64.1729552935459,354.73619366029493
1546.8770636569836,778.0423237225592,1059.404369996771,1010.5348517744515,622.7089841224379,337.2748496833398,25,50,14,4,0.010642225326413226,0.003040635807546636,0.15090805606927774,599.0218124264255,763.0066185377533
1623.8069649953154,370.0638920527469,1079.3945630092528,1048.6092736773817,585.4056270602899,404.97403636827323,16,16,64,7,0.020545054207635128,0.002247115303960092,0.030172504379339722,411.4213264275281,747.494266786102
798.8084655748861,280.41147239190263,1116.651112831487,768.910679652607,385.4581689175963,203.28972770686224,14,16,42,19,0.017613289858504338,0.007967916840751961,0.08709765691336344,149.5847625049687,478.21912949403554
231.46133318337255,1640.2635604776724,1949.0354895113992,842.9565609408146,201.90986901847492,79.01468694815165,16,30,25,23,0.01951316986964343,0.017952116280071956,2.0528845312274533,58.004662990032976,492.7894593628264
123.38998098272567,236.99643011241017,876.4036845256477,530.2463031030283,206.05981925064705,125.7859465223212,12,30,22,10,0.016283201143844614,0.007401455065383916,0.5353175125150239,27.32357745435659,210.08831653697877
1204.011308006923,323.0477955981245,2998.0723327325277,548.4658680871751,357.9464329118486,92.5722581270602,32,40,14,2,0.026612654112148488,0.003801807730306927,0.05231630423211557,252.89863743623874,733.9050303354061
666.477625312053,1372.1047321101273,698.742464631979,644.7075135489088,415.7480608031765,296.28662371499524,12,20,48,10,0.019111965075919207,0.003981659390816501,0.5966753622633637,124.7285770356951,356.2261259029998
8853.286026823489,187.04525364824246,2931.5871811933416,529.9676084215121,1456.758296433026,116.75585698493104,32,16,19,6,0.014519343347475759,0.004585055793939714,0.0053931047324669145,2335.281539662245,1103.8941234664771
2072.2898385459293,717.3789304501242,2899.513650922378,891.2240673890374,452.8255321137152,207.9202338991237,20,45,43,5,0.016451473204513862,0.0019129620005248673,0.07900186815960196,521.5800505276018,1079.278011774336
1159.0833487817104,203.16719183151915,709.4692738249986,596.0126950193307,726.4983121756095,387.7956590649531,28,30,7,7,0.009036191703404327,0.009036191703404327,0.05018833756934089,402.5263894386585,551.2817895026284
1940.3517176646562,630.7485741668555,1121.7997737635558,741.8352984022907,822.7387907071126,309.8404237894681,12,30,54,17,0.008388338766074647,0.002640773315245722,0.07841479859197781,657.4278412701531,641.1972812935762
755.9414574603978,299.8019318932842,2838.994720898122,655.4114672659364,511.3778209602074,213.63588762619023,28,35,7,6,0.005376710786560495,0.004608609245623282,0.10886333533140813,414.6099714776357,713.0136624516167
616.4533202898909,1319.6142928766144,1877.8102143214646,1091.2413783251204,232.73921420703485,223.55721676891514,20,30,34,20,0.02485102991419449,0.014618252890702638,0.6272229516098267,94.6641226986141,855.8856531658238
181.17099530566645,193.19678766195426,1087.973392470372,500.75495300255363,234.1641598539237,155.56903709681188,16,45,15,13,0.014457130107870161,0.01252951276015414,0.2883811054851084,57.445475688497986,344.16377600418116
2225.95320234609,1401.2366159987316,1837.0658520275508,455.11632939674456,1493.7556922833546,135.14999666426877,28,45,6,5,0.004263212353338656,0.0035526769611155464,0.22422762549110292,1944.2870369070724,783.442197945071
8537.596900860097,518.8550329027166,1095.0545099141807,978.7533329672482,1365.2753710016275,273.27160377089524,25,35,33,5,0.011840825637834586,0.0017940644905809979,0.014914813314532092,2690.726624949547,1411.4998633122214
1607.127133382382,1387.7624426822717,1434.9466828953778,1011.3423999745801,753.66569238478,436.18946390163325,20,45,18,14,0.005971437803177925,0.0046444516246939415,0.31781236447311195,852.2222767038994,959.2569306320087
1490.3427170805815,453.3781032805221,2622.8810781973875,1108.867559091762,750.0745676530041,103.6363005997045,8,40,103,53,0.005236834530368675,0.0026946818457236877,0.07020959345286816,937.4895658729099,849.1751878394101
8749.529175934982,1955.434552357033,1862.218957301232,506.3012297819158,1664.278368113053,75.97721222601248,28,50,21,2,0.013674047771829055,0.0013022902639837192,0.062191892969798844,3506.0728073171263,1164.8746143834585
10475.36992075249,445.05923681236453,1680.2875183563792,887.1729535782188,1145.0215189356152,368.89789729362207,32,35,29,16,0.017825587091919833,0.009834806671404045,0.009773210651308754,3190.2929704526487,2065.659956466991
7169.778975022519,1618.9810553754921,1342.7607423014151,884.2710221550476,819.0429038059553,412.7595948479545,32,50,29,14,0.025531619495240278,0.012325609411495306,0.04940461886667446,2252.8537322183274,1937.3122864718168
8554.042919198057,1922.343444127044,1142.4133658218798,763.9577910226474,1098.5179523718853,447.457902484726,32,16,27,12,0.02153029680264528,0.00956902080117568,0.04690287215719731,1903.078305714655,1532.1031990876863
7546.322690205271,1030.9750765199208,2416.3182007864784,1041.3848380366535,1333.5454676660188,275.2197368475729,28,45,23,20,0.008014236002238868,0.00696890087151206,0.03440619493186499,4313.055181446546,2090.254335688598
135.6970571522854,619.5202363878515,1772.710314371617,1134.2000737284372,151.9274309507431,95.34567252194458,14,20,35,24,0.023104374714491074,0.015842999804222452,1.1489636396858793,21.533607384278685,437.1921338460169
1898.5831748511691,1137.7728902342835,1837.6175708667881,875.4110066692438,819.94631608535,216.88836851726768,16,30,30,18,0.006510500504741964,0.003906300302845179,0.19151466330499897,854.068591357558,793.7871301118687
138.97421102717797,247.52304431070382,1382.9568402731343,755.7052687387777,178.24009777177682,77.23901599223987,32,40,6,3,0.026347861346250945,0.013173930673125472,0.4285913890516478,32.47611403302614,382.65893934062143
4762.268116026102,393.5370703151778,2088.5638181655895,926.33893626848,1424.7031823836192,394.53100763920474,16,30,41,28,0.0046356504574465085,0.0031658100685000553,0.019650869238785472,2651.268594078148,1341.9826197313632
1265.1383098713682,1273.4860045195628,1422.563468893993,639.7555612148095,440.9147273687463,216.2963963168618,32,20,11,7,0.019598581773386085,0.012471824764882055,0.3265135239485706,247.8809213600275,724.742030207346
124.68460346159951,145.8881289960858,1832.6007236328692,737.9478922707309,169.91248814541188,55.710904286430726,25,35,9,6,0.023704721713666013,0.015803147809110674,0.2611003127888588,31.315555544635217,380.3465342983264
3031.2469746361453,1527.0138576914997,1826.95240707872,1190.4840832782716,1206.5557070716732,452.3151923624609,8,40,124,45,0.003614817322107729,0.001311828866893934,0.12733643587500137,2044.6955331524157,1279.22336299359
4035.901612349382,987.265313805304,2972.9232675680355,753.6660967115574,687.8145566355162,213.87513495045854,28,40,26,15,0.016121983799067843,0.009301144499462217,0.05160885463866379,1451.4951792776162,1529.4899535646132
622.2633515256613,138.2434925160832,837.4452260587971,441.722616501427,596.1854735345532,154.75606432947487,10,40,36,22,0.008710808694778891,0.0053232719801426555,0.047893174386624826,287.72958678455313,355.95329359422976
224.0725308119618,925.051957413462,778.4136585537686,357.16535761793284,275.3942388706529,238.62727260379262,28,16,5,3,0.01548029123228555,0.009288174739371331,1.3387145554989177,33.834229824569526,252.76466189452537
1171.3992651580368,1011.1081474377693,961.8753282554911,608.7166946915727,472.6242872308378,391.8519169956698,28,20,12,10,0.017341867192434548,0.014451555993695455,0.2874726976035566,211.34275007433206,679.4753990291283
279.13769011188197,820.9495373519144,803.5722496859676,313.8760058209283,368.6635952155288,70.25325324529442,28,40,4,2,0.01640721502022346,0.00820360751011173,1.031969957103284,96.04619097302522,226.46585586145574
7203.004699313854,1944.993019890159,2335.2935200118245,1078.611274350118,970.3026519931275,317.83132988448307,32,50,24,19,0.013348580305647874,0.010567626075304567,0.06548007242691621,3293.591817418684,2283.431067587449
110.02308519504084,1814.9936999521276,2914.329068587856,423.18349245229507,162.24120244231315,67.33386286390906,16,45,19,2,0.016160055897563648,0.0017010585155330157,3.5753785790751476,28.470031173348186,306.0852424379662
2531.287628508617,1898.5388703824613,791.4588831587341,606.2594058254854,1742.6320686935137,378.53143085748576,8,45,70,25,0.003123213363659377,0.0011154333441640632,0.21515374011769944,2013.4787094348585,861.7106338340049
502.3766217643871,1773.435808698199,1452.0331079102107,880.8126327887338,235.7720263747571,164.14214814943614,25,45,18,6,0.029312480142667116,0.009770826714222372,1.0442873301830067,97.85384909745605,639.1392294278903
644.4325800648373,1246.1410416288816,1556.9585623486964,1192.3674023300218,300.77313402395805,150.77388832776205,16,16,36,29,0.017500431803535617,0.014097570063959248,0.624911172120997,125.28914004437024,636.38666941202
952.3871598905107,460.6914392858044,972.8229136622241,839.8827082601357,779.7210034480157,273.6776939672128,8,25,63,44,0.0045811117893980865,0.0031995066465637426,0.13181389926883738,424.10735450370487,486.79848172245835
4333.941403566061,237.8970999173446,989.2467419798029,781.6099432562977,841.0748410527484,438.7931158358473,32,40,17,13,0.018266097075759123,0.013968191881462859,0.013071338872619678,1385.7193066195987,1351.4395911892195
5537.471605953029,714.6406640695769,2221.6963037014884,538.3047968071016,1551.6496804917713,63.47547044013959,32,35,11,9,0.009390285995006149,0.007682961268641395,0.03473232542370685,2440.5977121630203,1098.3704879728016
482.9233374782646,1600.6526390249508,1297.2378337780533,246.28646880502833,309.29594137994775,188.57805611163613,32,50,7,5,0.020519382204815136,0.014656701574867955,0.9783692645945308,127.73688497939634,553.2754376967525
456.54802957075646,799.755887815958,1866.8356385842746,1036.4491649358974,250.11081124967396,83.83677909222124,28,25,12,7,0.0224696949770188,0.013107322069927634,0.5402277832229477,92.70028171723126,588.9799072664009
4844.573768455243,1254.325834311588,2505.6297589033834,1175.0497107330998,687.0347351213494,106.32126717295327,25,20,39,24,0.02017781122182002,0.01241711459804309,0.06255719365883156,1159.8979253417192,1542.7849358173294
227.1421811786119,901.6352383476203,860.4945485950742,561.8614894870873,229.2053092044857,173.93463623108067,28,50,7,3,0.02384995189762085,0.010221407956123222,1.1937719437241214,53.08274849320773,356.6904890050755
4608.73476695417,144.77131300185718,1332.7593808909548,484.72060797072925,844.2294769915494,181.5958837730014,32,35,18,9,0.025703219920060614,0.012851609960030307,0.006904284507837475,1299.2668949665765,1128.4807363410805
5285.949367133137,929.6049648366863,1683.2897942612128,959.7230788065015,887.4465461335145,86.18288316746924,32,25,20,7,0.01759722473427952,0.006159028656997832,0.044479599570886916,1381.9936888997704,1214.6691161783967
2027.2372776917339,1419.9828567996124,2290.7817130230546,890.2035054304118,474.34527206984006,212.08807416101274,32,30,16,10,0.017889321467880942,0.011180825917425589,0.2137888216368507,511.4414476435112,1140.2421008580718
754.5098300431359,277.41405654906185,813.6734738048871,245.04257263151558,423.13260887038234,300.5998253878531,28,20,9,4,0.020180078417037502,0.008968923740905556,0.09858011328245994,113.65212447352438,409.50261031038474
1268.7309658604238,146.87116270535853,1598.5862598401882,276.95105288988117,538.8228671076203,222.28255478759422,28,30,11,5,0.01528941860137119,0.006949735727895996,0.022977323674823708,319.7997972777693,584.0737544318641
4469.709124906406,349.4025955857992,1372.8469801392246,1119.6666572455188,683.7091812973786,351.9887018053814,28,45,29,17,0.020893885423832248,0.012248139731212008,0.017623374517765536,1407.2601264250984,1614.6127073269784
790.6506620041478,590.1386537767594,1217.6139897450164,778.5674016466406,341.18559214060906,190.93112801565928,20,40,24,14,0.021575413003786806,0.012585657585542302,0.20972091108978194,205.71715203312644,657.192130805904
3721.389948960539,1425.353364212505,887.9070568551592,480.64247982570174,880.2440435170078,265.45614520453637,28,45,18,7,0.020865348565925375,0.008114302220082092,0.09466824530674454,1239.947234574799,917.5351144753984
2668.790971614739,1863.2811352050378,1194.5394518894086,759.5072419282264,626.0282309261164,56.82768552777101,25,50,24,13,0.023552766451863095,0.012757748494759177,0.20659429335438848,970.8634924868493,1030.7332703651064
1437.6051908534287,1205.0637558761216,2291.009013864566,370.66528115857017,568.8094933849382,58.69083753451532,32,35,9,3,0.022371665063426874,0.007457221687808958,0.2806839768150038,417.3765586822735,538.160189050218
1447.1012529848529,1103.8604297213008,2967.0334327638084,427.6935840972596,523.7932734726324,120.19457256274579,28,20,13,4,0.015125103909195326,0.0046538781259062535,0.2324731536275953,341.04895609584025,595.0471117128
2423.895334195596,1018.3915823866973,1792.9700103402415,760.03923062806,1102.2704521669696,264.8134734280925,32,16,7,7,0.005065886783484465,0.005065886783484465,0.16568171261707254,1021.7139115203714,774.7619805608795
5743.379881235259,412.0451532850109,975.0963146183138,802.1058289661994,933.1180477834414,391.58670038744606,28,50,26,15,0.0196147418095302,0.011316197197805885,0.016567909331431138,2078.843655878709,1511.3309573861534
220.12998020475618,300.3108081508245,131.59720558235435,107.78711332753889,620.711880232374,187.49695503982176,25,40,2,2,0.013755928445412954,0.013755928445412954,0.4937282386297126,83.74816954219617,115.73113002727001
317.67647010721197,574.2625414368865,1304.412698859433,1172.8518489414064,203.45121482883832,110.02101839956424,10,20,82,23,0.02544627989550569,0.007137371190202815,0.514013436807247,45.46511442132447,411.43995727841116
1452.7667119738603,531.8207728752634,390.85870718343836,355.8586454587355,1012.4124281479577,264.52406627116363,28,40,6,2,0.009997759938334454,0.0033325866461114844,0.10328989276300544,552.9082628692342,395.11211377369654
1238.9851576689118,713.2427380269814,1067.945216311351,656.1650031429399,686.4928676009526,478.30265521160516,28,45,8,2,0.007608827869548716,0.001902206967387179,0.19696660567007662,482.0903040505954,627.9724886497222
5637.421516810656,1987.1085686033173,600.9406878587747,491.71162212726443,1078.94932788186,465.0143460205574,32,30,18,6,0.024902522305190532,0.008300840768396843,0.08692298972140566,1406.682903576416,1015.3372155938232
11150.471526281257,469.36477345323414,1651.315151021279,821.3418278468874,1706.414500308638,344.387404313166,32,25,20,15,0.00953249159793563,0.007149368698451722,0.010257269727315636,3995.15091465556,1775.5657891540861
48.62002796681974,582.3395861321613,704.6960216103384,573.6821165341921,171.19068361450712,133.80639026165562,20,25,5,3,0.013571822069204757,0.008143093241522854,3.432181151304751,11.723471637588565,144.56483077197993
4068.7827052304756,1722.1594582251912,1100.6663807078962,711.039355624909,1007.0744133291837,225.03718644512784,32,35,13,11,0.013008048400561967,0.011006810185090893,0.12606008695566193,1460.8371727715507,1154.6509209863602
3381.2840227482207,1192.5199915538053,799.0927884971054,568.553295105379,806.3675793502442,106.26325648757927,32,45,14,5,0.023313419156110987,0.008326221127182495,0.08451369819163303,1109.7136847118934,884.195982322182
1607.5525240408226,1139.4757736151225,769.8765760577215,348.36774025601585,941.9135503732402,125.34407003925863,25,25,9,6,0.011596482370954866,0.007730988247303243,0.2537669448947419,525.8016635321989,440.28388550915395
4280.764932393095,686.0705483016841,1471.1109355371814,1169.7347542113528,724.1098703793162,325.30384057212063,32,20,20,19,0.01702011957162461,0.016169113593043377,0.03900676330817286,1010.7978366567942,1558.734988914541
146.52739361117557,586.7972860868921,411.6810454537016,209.28255029894348,290.43974721312213,166.46367080490256,28,35,3,2,0.01955266010716678,0.013035106738111184,1.297923968607299,34.261162176710066,167.30965495709788
2811.0410020386357,669.8909578219271,2451.4604084624857,912.2078431357673,585.272478028488,320.9487009017851,28,40,22,17,0.013178713087151937,0.010183551021890133,0.0517140496043539,949.0944776056858,1500.7095096221165
1253.148330817761,435.592384213566,2217.585252238323,496.05966375688786,342.0423101719949,177.90335284384778,28,50,20,10,0.025875278956484695,0.012937639478242348,0.07315890874813233,312.40188065540264,1027.0192115224636
2166.809973278899,357.1907647748909,2833.9236331979005,734.5681354195474,991.2909199237589,128.66702037170688,12,45,49,27,0.005551270221714047,0.0030588631833934547,0.0382752242612919,1569.0002410847305,933.3340863427186
1350.393241503118,1648.301071855572,2326.8912749081987,1018.5474412237893,440.9103771428623,366.5298981439506,20,16,29,16,0.009810761021041385,0.005412833666781454,0.4097856425052792,258.8671275110473,832.7675246568867
1145.6596885681836,62.24289705897101,727.4693656856521,465.1528400739528,440.500820667616,416.178623024099,25,45,16,5,0.025007046752070203,0.007814702110021938,0.011224640174176126,223.35697156783246,589.4372927280045
7767.855086857206,1990.8826981018667,2520.897119198105,1086.24142514817,878.0217750210535,67.92176839969292,32,35,29,21,0.022187453046334526,0.016066776343897415,0.06213892395448913,2409.971338850966,2093.8770406693025
14571.640367584638,73.06324543504977,1488.7917684546867,786.5530980927613,1501.0733762902464,263.65124678981033,32,45,30,15,0.01766516181086273,0.008832580905431365,0.0011614341062856518,5659.728043235808,2227.3276420102434
455.14050592700505,540.0846412502361,2857.701874892653,770.4909673922331,206.55098272618457,131.14630221985072,25,25,21,10,0.023813653369108404,0.011339834937670667,0.30340877698117796,66.45348106618398,768.1384597460328
2340.430539004008,1666.651482778451,1994.799349282702,404.5823977854682,715.3514515543812,54.46239927369376,32,20,11,5,0.023526919613484513,0.010694054369765688,0.2573415669635638,541.0215739990891,635.3897440071123
326.9909165613942,1166.4044394347643,2510.603199586813,627.0050298006355,225.99695541985201,159.2263700205396,20,40,19,13,0.013516212428840067,0.009247934819732679,0.9932229557916392,88.53225913107609,634.4589581495761
3712.941897646892,1090.5381134212932,806.1231130947584,482.8385143557829,939.5325569816256,329.54008866361363,28,25,17,8,0.018686545335071525,0.008793668392974834,0.07290894026966574,933.1020516425722,825.9688322348368
1555.3169681849627,266.42809341952557,1741.437810637337,261.7200393082576,1594.6397973725911,111.35042995262339,32,16,3,2,0.004144777841506326,0.0027631852276708843,0.05279258405300602,817.5303847139735,332.26747313559054
287.58261595221416,1122.8295446150016,1367.8808336315974,1151.3997297833873,213.49045559711385,98.44812490886184,16,20,28,15,0.02107527857729826,0.011290327809266924,1.1980236100432577,49.79002841079333,431.97145984515424
71.03003241123157,413.43446945628176,1665.0798665835312,719.5214239861764,138.3739456043118,105.32423048223583,10,25,43,19,0.016957857220885407,0.007493006678995877,1.238406159162656,14.250386138066784,270.05751626134855
1234.059862367214,549.9397317461508,1858.367755894887,1091.89315795542,383.47564452175845,161.0261698668724,32,50,13,13,0.019285203287272613,0.019285203287272613,0.10837304818742823,447.3601650969582,1164.7596071306014
265.86001561940236,284.7255504116742,984.192594869225,464.2729615663767,249.86552771068176,169.4473533388962,28,40,7,5,0.021117900302018176,0.015084214501441552,0.301810938493753,62.31410482106323,400.0602075280469
1991.4811797794607,1954.7387091517103,1488.715153514527,657.915437356341,823.9085642809331,495.1603896097207,32,16,8,6,0.0067481678487030395,0.00506112588652728,0.4052333667279333,555.7560737979028,727.4035307275774
2333.5816312623742,883.1626526575893,1235.9050632907492,823.0643625016899,1867.630039510141,478.9172425366613,8,20,60,48,0.0017383915226833455,0.0013907132181466765,0.09584564583321668,1856.5004751800948,819.7462031870606
1143.0265615636442,815.4156085431255,1442.8907024348866,1111.5857004500858,548.0096031375174,231.27114836535605,8,16,115,37,0.008429121103390808,0.0027119780941344336,0.2188667616137501,288.1710427056414,505.2361287219515
2931.456348119624,1914.3739634845458,2611.2835122290203,932.3522634882133,561.3599287198177,466.95807139447646,32,16,20,4,0.01230323801328564,0.002460647602657128,0.20182378583372165,472.2961813397852,1148.8489637621324
159.2216002285281,1789.1864432485645,1214.3707467432594,235.03286368097883,225.8360954370222,74.12669880746762,32,50,4,2,0.02559790546253863,0.012798952731269315,3.0725933542968167,44.85338309072324,269.15823591229247
726.1808038130082,42.54778617419777,1417.4662144066942,579.6467965184311,409.38674417478245,341.34694951584527,28,35,9,9,0.010590309668242339,0.010590309668242339,0.012728700675606028,209.26109832740144,693.9014250623883
2404.154086365914,1357.8594236236936,2408.757325275839,786.2953003550301,1140.8130335992164,110.62432402074776,10,16,67,23,0.004888220345565741,0.0016780457902688367,0.18444377740091764,949.0301806851322,600.0383795443279
1626.581275261542,1507.0158397690152,539.7176869057128,421.0455342470755,615.3471006448424,381.09169773244366,28,50,12,4,0.024280917034516205,0.0080936390115054,0.29207317859140103,455.3952917828219,580.5557212850136
934.4120638748228,814.9837253496299,1130.9241605454931,847.0332279849351,464.60074875367013,421.32526099884353,12,16,51,32,0.01124046817475169,0.007052842776314786,0.28173563911447486,173.29310203120977,521.9162988371074
7182.632050024146,1861.7946217798315,1895.1737699073074,1004.1380441505481,1586.933787375015,109.67305501007954,14,25,72,21,0.006553563648114578,0.0019114560640334187,0.06370398535195665,2663.7780862027253,1236.2541747933944
3199.702787423432,936.7873632825778,1691.4809514730605,939.4890156866655,1891.9562839995642,480.5510787217807,10,45,52,46,0.0019094767849460118,0.0016891525405291642,0.0717414160636089,4166.177837323102,1582.7150975958857
232.3180305377147,192.31228223231406,1930.172765135948,1177.7368834090428,195.048334704822,179.50566333026183,32,30,8,4,0.01763787588177899,0.008818937940889495,0.20860069975176138,47.43013194945567,541.022435224394
240.2787358786533,822.5199183635947,1272.9495361449792,901.5566185704132,283.7882063093889,190.25881758924695,32,50,4,3,0.009852598784008607,0.007389449088006455,1.3323059421972454,102.37302181711426,430.94791073778697
1469.316973140025,814.5569078397642,1555.3040628426568,983.021381275251,376.13168555277616,202.6470302587237,16,45,60,27,0.024836929519358876,0.011176618283711495,0.14164365984005436,387.6127953618453,971.8840140997793
2003.3938704413426,1245.7415322191532,1812.2614935112485,519.3426397349231,513.1280479241522,313.6055412230034,25,30,23,9,0.016801847288410006,0.006574635895464786,0.1819713414862669,412.3055815425837,915.7760719355153
15307.420361111564,1009.5385583443676,2177.781950226196,1181.3169315602784,1385.2037410197129,329.8688073708518,28,25,45,25,0.014100711133658609,0.007833728407588116,0.015120491072715158,4508.471605884733,2471.340606292082
7730.260020995757,1348.995366577136,1036.0824622579185,789.7995309936322,1231.3902088842603,304.3594511729565,25,20,34,13,0.015932747002711783,0.006091932677507446,0.038445301729379815,1927.5711652764167,1269.8609131336034
1197.903606311916,1435.8246799786693,2548.128952469497,540.4647584468,331.72461462854244,324.39967897092953,28,40,20,6,0.014827199553638454,0.004448159866091536,0.3504150062215985,256.80705598872794,1080.3863085930716
2460.4643122759735,429.51144258924313,2502.0721855288766,1089.3395327517596,548.4060959900654,73.40262018089413,25,35,26,23,0.018203884581334526,0.01610343636041131,0.039756228075621444,806.7215544204176,1288.6092907543175
2461.075355571099,1074.7755578821204,1783.3286973356624,700.533124938122,721.3050405308993,165.93884076785884,20,30,29,7,0.01330064091396361,0.0032104995309567338,0.1261540471909763,723.8052486631478,749.8842575086795
2158.9104372351317,879.7977224227109,501.1296437859974,289.85648221697,930.2072164376141,304.12571292494584,28,16,10,6,0.01844230877328345,0.01106538526397007,0.11751603591357296,497.09861035493424,486.3638125290378
914.7388314376166,1777.3158189267688,2489.1529418365776,698.6336200591212,502.11812347227277,245.42096433136592,10,30,65,29,0.006460275729996527,0.002882276864152297,0.6139910945381798,342.30371309429273,643.8985152447833
2144.949892328575,1747.9825199704505,2544.2571414642703,1070.6834500419186,441.8318747923465,195.63273977520802,28,20,24,16,0.019410547111734514,0.01294036474115634,0.2539613693350837,440.11321567476614,1230.7373498164097
1764.2903620187058,717.045044112031,2002.4864568595358,1037.201669905573,437.5049612136393,202.38418155564813,28,40,20,10,0.01897134280692526,0.00948567140346263,0.10145040108952205,501.3797067869999,1076.5329854472616
3400.6968502193886,619.8254069110022,1490.9580740898068,1150.3205814281157,655.2282350083665,287.0172693531384,25,45,29,5,0.016718128050576094,0.0028824358707889813,0.04281006966611564,1015.1542087482708,1160.124577166016
2627.1068938321914,110.05018995723057,2376.06580055624,909.3534418373818,1536.2970042524596,120.23596576948438,8,35,83,49,0.002651624136969113,0.0015654166591745364,0.009874122357738819,2269.6153361965753,1045.4609764199008
856.2787719780904,1237.0642511204228,1613.9370916332641,797.5055802667657,398.7665104057823,325.23533727905084,28,40,11,11,0.011606997464022148,0.011606997464022148,0.4931743416283789,267.9793955072136,848.591018372929
2756.656852347078,933.723687645815,1830.767477077437,361.403625665951,912.2734386048958,358.6874780493388,25,35,16,2,0.009167272832851472,0.001145909104106434,0.08841886998696798,825.8518386447837,772.964115445732
603.8569797280891,1337.5106106515598,1157.6729132491837,840.7516653454743,340.78207302593705,174.50325490838816,25,25,12,3,0.017232870840231704,0.004308217710057926,0.7620066854416218,118.62678611694265,424.62426816048315
2973.3696457985293,11.124871816493341,1546.1544190848208,604.0991314771275,734.4791603253622,154.3200525866012,28,30,18,2,0.01881511771678509,0.0020905686351983433,0.0008701074650508167,712.7626820868526,745.986747004579
1783.2233393049546,1299.0212392583726,1422.6030927671823,440.4019765088895,840.5270768979968,203.73492000307797,32,50,7,6,0.009871903834411201,0.008461631858066745,0.23737639635458857,1014.0572954895908,776.8663043269617
1486.5550115950768,188.73960674577222,2578.999039252989,586.5746061802531,455.04268496733954,67.8749565409981,28,45,16,9,0.02449827310664024,0.013780278622485135,0.026987694905548087,517.3653867405392,840.1102990223245
1573.9884824271178,864.9236459248134,1338.1882265483655,1009.6717509528677,425.65030060542296,363.7655941572068,25,35,23,20,0.020554730919717514,0.017873679060623926,0.16178428332949663,348.03440792235904,1097.8304876316104
1064.8962258620443,1839.4259053054411,1013.9627401952132,584.8268451541842,450.3785120828558,76.42791094163384,32,30,9,5,0.024437675666577393,0.013576486481431884,0.6043250277436041,261.3498084630247,572.9683600933081
1997.0281415444872,437.15369292861726,1667.889078786738,588.4310670225584,936.8263837947627,317.5386606218003,28,16,9,9,0.006198657268948963,0.006198657268948963,0.05964324513643835,743.1390703111633,702.6829441343916
3577.899835981342,301.3832277445399,1512.1262670232716,769.4624914029788,833.8837693236637,61.14024430619891,25,45,23,7,0.016432743214038797,0.005001269673837894,0.0217421197725963,1298.7215146594253,985.079141845863
1455.6757232959014,1072.1816061269335,1527.1038847600935,352.78584607207443,632.6299793017511,95.68145784512646,25,20,13,2,0.0190179891911983,0.002925844490953584,0.2514862328525811,304.51486458778385,405.705847204379
1580.371318843843,706.7598543262347,965.0997857430997,837.4693116230125,599.9260092038328,340.4454574100935,28,35,12,6,0.01353621666359765,0.006768108331798825,0.13681514821303545,449.2319928176066,705.1934349397045
437.80276530459406,741.8133927840385,2618.3861244587383,330.468035006887,290.8621547481164,96.95177209244056,32,20,7,5,0.01770699852701577,0.012647856090725551,0.4822430233520722,94.98570033681837,489.1140038053256
2475.9102382665387,1528.6518101629752,960.1779567287948,925.6176207025479,641.6709525209343,294.25131937322067,28,20,31,5,0.03159734789776202,0.005096346435122907,0.09757105797573555,699.5347197746697,1079.2800721370375
593.3450518036293,966.7102599847648,388.3384304826841,241.36756271901223,451.3714613959811,361.09105965423333,32,45,5,3,0.02481996378406028,0.014891978270436168,0.5324049307894649,141.8565314074938,347.4916677903607
7139.822849963572,1852.8740626457854,1663.0166344894951,795.5465463374145,1473.238348206241,92.13222017048832,32,50,15,11,0.009635928057349957,0.007066347242056634,0.07013682372526898,3772.373721820355,1626.1391775342727
10149.283765606151,1412.8735386858593,876.9180255716836,858.8952475955058,1258.314852123443,472.1261062095165,32,35,26,12,0.019196752897313017,0.008860039798759852,0.03178702884741869,2903.2164283000743,1736.5299552590582
18913.890255441715,389.3531361296459,2168.0189789006517,1109.5160526882423,1715.3965650752118,497.88118738532717,32,16,36,9,0.011913463586967417,0.002978365896741854,0.0047129526487087745,4786.916430535798,2147.773592707902
1173.0913651522858,1602.5763086270229,1810.7929629941189,593.6788791567737,471.43632278488195,101.08521639768182,25,20,15,10,0.018274637430297863,0.012183091620198577,0.45461466549207363,285.02671715433723,621.4626926533122
6911.497777971575,120.16680080723263,2093.2879025101806,950.5659034492129,890.3122392472177,467.7032262476585,28,45,33,18,0.014716454397122629,0.00802715694388507,0.003896281500445156,2381.576968129937,2050.043844659678
453.38863645193555,1747.9405817271347,546.0501983323118,220.27268584050643,672.5095171970938,149.54080344795858,28,30,3,3,0.009383962103066619,0.009383962103066619,1.6007085654802164,187.5679334777864,232.85435996859695
2821.8128528807074,916.7959184846499,1706.241089942044,790.0057979656659,529.6092111172563,156.71962312216147,28,40,25,6,0.02739177332822186,0.006574025598773247,0.07526723686897475,707.7169776701969,1052.58246411572
2124.461721230653,579.9029476897683,1460.2657367668144,833.1276286575343,1259.1938915508456,309.83692278820723,8,30,83,32,0.0033553988651765124,0.0012936477552487756,0.0629117051222238,1331.0488782361788,785.2506084561564
337.88899926495134,1993.2281690243585,1761.6345080082801,1094.6775300070308,260.60195894289495,150.33935521235784,10,35,58,48,0.011815247135627094,0.009778135560518974,1.842215039708468,105.57050393157581,517.4560961273513
2370.9743568934505,28.00226427357804,1926.6572852341865,830.1721405231548,422.89834841262297,274.5926062390896,28,30,31,4,0.029269146373434817,0.0037766640481851376,0.0021818781124728157,366.43218100101114,1135.0535781429223
5475.788181240864,1076.9847307081984,2216.9829742457255,584.0946161192169,1081.9782019669212,92.70545838322657,28,30,21,4,0.01650693530625057,0.0031441781535715366,0.05107918590699737,1561.4966106813567,953.6379341163306
2652.1617497715506,1693.4382734596284,920.3989670593521,520.0709807320819,629.3967241769083,283.9187430646099,28,50,19,9,0.0265295105376202,0.012566610254662202,0.1779416380209821,817.7340288052944,956.4597334582103
6698.427517390051,679.9848748910164,1406.3853968515555,459.30691860974184,1776.0286093683121,172.48638948548336,28,50,15,8,0.00943343771024357,0.00503116677879657,0.025079162560175138,3692.0394753473074,1186.6205865425477
1416.170439713738,1318.7540673504873,1370.1185392015786,488.1167136418259,618.2482511762188,165.6515692605471,32,40,8,5,0.014365340811152677,0.008978338006970423,0.3071719665871048,542.2622155541109,653.5660927676395
608.3974523061338,524.6075710710031,2993.3156234479034,1076.069345410032,229.8387994998706,56.532779552118136,16,16,52,17,0.029392560699907266,0.00960910638266199,0.2397259021882613,88.03692130074026,650.5452321168252
335.4142722099408,542.6847634538738,2200.295608447354,700.9353986660088,204.37404288328102,145.62244415574187,28,30,13,4,0.02213750548402158,0.006811540148929716,0.41200947818096506,51.93726783944757,571.4841463243954
361.4243613748795,313.3665869602836,2606.871599817166,995.1469389375155,194.00127697148918,149.57846818022966,14,20,54,33,0.01914744488608473,0.011701216319274003,0.22226964443584593,54.039817911775074,676.2693402210049
69.58017141537486,116.18252784414022,2422.4672928109685,601.2890227424302,168.37004587833263,73.93170965619122,10,25,26,23,0.008657024418543218,0.007658136985634384,0.3855672913547653,26.236793756954803,244.82718750137812
5051.021321066482,833.4532727126253,2276.128251348529,703.0115713586187,768.5903853315547,366.20497125023115,32,50,22,11,0.01584850785967988,0.00792425392983994,0.03548151477440215,1781.2034237127955,1756.7529925627246
236.55349436290047,1182.2268244247484,1560.1177271355145,847.9894359559127,215.45588432945033,77.30101020490378,20,20,15,11,0.019820561242418565,0.014535078244440279,1.528825291970052,46.39019365642336,402.99610875426083
1642.9417749464478,1653.5532506115073,442.3582728360946,192.36711386896448,809.0886100306226,494.37514486733744,32,30,7,2,0.02016153234213068,0.005760437812037337,0.3223544694319792,343.0322460592306,408.3070162472552
1865.8953050350729,157.10944289707712,2255.2979643219774,1176.5344365432763,1343.5567288659392,300.84681342071923,8,30,68,50,0.0017939866242306145,0.0013191078119342754,0.021373640152375622,1982.8134690510633,1088.9958145427415
742.2300907677682,24.762303379022203,1122.6364725484013,455.1401711697457,504.06130039598224,50.769713326571505,28,40,7,7,0.01636972351481704,0.01636972351481704,0.00804104316903118,288.19321988425753,480.5885812298901
853.8248080122651,416.11508970654376,839.0908088991342,171.25204742661074,771.7690860334361,71.42132188966377,25,40,6,3,0.01637474613774275,0.008187373068871375,0.14332243571395994,337.07521801878494,271.0015586643822
2298.9650225354467,1689.810752194927,1694.7265322808698,1183.146873360515,975.842935645621,51.42905139635884,10,50,76,41,0.005054745960829142,0.0027269024262367744,0.21839924313037132,1508.0022899338212,1124.5679317832992
5304.102767052655,1221.4824874332312,2190.549619546686,1183.0016766399588,629.1029860185289,374.7310332738567,32,16,38,11,0.027243450668927725,0.007886262035742235,0.03772602045537884,1031.5021135139932,1881.3358299551633
1768.5514993989,676.5295156978414,1805.5999365931352,658.3347204912518,628.392714191128,66.75069878533087,16,25,38,21,0.01558385958980852,0.008612132931209973,0.10564010247014126,509.85400749997353,659.9391646133067
6055.045470414528,1866.925781172402,1265.8191131865483,328.49991021639755,1555.0260154323728,178.10672192909743,32,35,12,3,0.014239329462721493,0.0035598323656803733,0.08640085612920778,2061.8115703191875,809.3692943495597
8265.914617606366,1124.1152363848864,1968.527316332406,1170.4104754712716,864.6724270793088,463.9574413058584,32,40,32,8,0.01861800475295571,0.004654501188238927,0.030881516110461388,2238.9462854901726,2013.2905993185932
100.06227078801268,1168.4089503280272,1103.6978545351765,327.6755452999466,183.53990533144054,173.42141094393935,32,50,4,3,0.016521075901353318,0.012390806926014988,2.8353372513904986,30.33873048615886,345.2834417997617
683.9007136834315,764.6100294471817,2265.677035788595,186.38198011032716,562.7759306671986,60.23168979404042,25,40,7,3,0.014931151131098207,0.006399064770470661,0.34665796821811373,299.4582980276805,317.76727630711036
928.9549063052643,1372.1313806445519,1179.373619812447,988.97738587592,371.9631191341879,261.5806180697896,16,35,39,4,0.018774319741721345,0.0019255712555611636,0.47876111370883423,187.6488883089688,546.014395201915
785.8232218176015,1117.4199930437167,1239.9487251298078,158.55824949321823,718.6652700628085,70.33928961299173,25,30,6,3,0.015500092964303618,0.007750046482151809,0.4925698688508792,276.74531752028145,258.02416059823906
341.00721981629755,36.2749410315912,1667.1577098720568,1021.1709791989156,236.60460086513456,87.24494192523466,8,50,105,13,0.017712607272241998,0.0021929894718013903,0.019495043166339873,99.20397372837499,424.11438861743153
8504.522776237305,1030.0896844853764,2409.2350750386613,1143.5018376563562,829.9700205227933,103.24114223563994,28,50,44,16,0.025092054186784583,0.00912438334064894,0.028352495820060192,3012.0016829690794,2137.1544779607902
1929.9607879959597,614.7947698561504,1977.4535922926784,853.8423286943961,436.41639932433276,326.5377215893165,20,50,42,17,0.017841938639568438,0.007221737068396748,0.06967071603904215,514.8400681286337,1200.7961269131265
1914.128142849859,442.0676801269672,2979.9246380196982,973.2444679864334,700.2281232512922,419.4737721591973,12,20,64,37,0.004751855217759444,0.0027471662977671786,0.05145439031331668,653.8046354323515,980.3388259862294
148.56810623614362,923.0065454564461,931.2257700561909,741.6131330640939,209.3006281969863,66.60377164338519,16,16,15,4,0.017968106706213516,0.004791495121656938,1.9255398292975785,24.579385970085443,200.1056287585069
3234.4928178142673,965.9472109417768,2689.8619030711193,1157.113354539428,1160.469834063279,396.6823150179135,8,35,138,68,0.0035557736353349365,0.0017521203420490991,0.06605413679345017,2189.491156647212,1379.2375786163825
1437.278242333462,1762.082013783185,1751.1722273466617,425.5475034667179,568.7056031174857,406.2385650785471,32,20,9,7,0.00927346667767857,0.0072126963048611105,0.41357640048611904,325.62333679938087,776.9666687279483
4838.773821933941,1812.8812290759993,1982.7467891815334,971.6151126331208,1011.8871558186154,253.03712767165285,25,50,25,10,0.009904488304983763,0.0039617953219935045,0.09511906164509006,2342.91413353782,1472.8278806276248
1448.480593804726,558.3122479983283,2002.4169405933103,490.12776212455384,1070.6793141478374,139.2993401493332,16,45,17,11,0.0046476895058680575,0.003007328503796978,0.09668808536648704,1207.9900166651828,660.2549784937642
2035.4886610733397,1094.9700551277356,382.4837466418179,195.7428995862512,1194.1568347519662,74.5265072953996,28,35,7,4,0.017403619724198176,0.009944925556684671,0.1725317459335358,656.0251066737727,387.9901089322069
2519.633776546166,1800.8460941757085,1048.12966938709,675.1854647182546,666.2836488779035,220.34981662021212,32,30,13,9,0.019651073286330017,0.013604589198228472,0.23226023733171922,682.109403999332,930.3486656615096
3580.171475945653,99.41677358356073,1498.2059819252984,883.1763112588646,672.3995813528945,436.76622020802967,28,20,25,9,0.01784847709777947,0.006425451755200609,0.005857370561175689,680.0234587498162,1121.492748597309
613.3322472414927,1946.1156225971863,663.6475328312396,235.2811018752215,680.7402435819677,274.90440847389294,28,25,4,2,0.008862129872446034,0.004431064936223017,1.2142676013741454,195.59874461933376,255.62551072542797
529.675871785436,1080.3684248045552,1116.77931634363,235.19487361086468,616.9250688324755,78.71998038811704,32,45,3,3,0.011248433616276586,0.011248433616276586,0.775227635237103,290.28046120705295,316.4089718693439
2853.020897155525,1731.6276960255452,1558.9097906332024,987.6646411695297,1061.5036935921712,175.46242675599922,10,50,86,47,0.005880357694843139,0.0032136838564840414,0.1603366415683449,1795.6211172566948,1152.436279157344
720.0736141178373,658.1254209430027,336.2887292873281,292.0624455920296,853.1072362196273,494.39285961745355,20,50,7,4,0.008114044149288138,0.004636596656736079,0.32691884718456365,335.26408989953165,310.42269605996626
1278.043630335823,1115.5032430312965,1622.3975364412413,1176.2184868642175,314.27801485976045,153.81093575896455,16,40,72,4,0.03302964637651804,0.0018349803542510024,0.23494890587502668,233.35523748232,836.2412802055051
884.740506174048,1544.4408576431613,1463.7437237880338,873.6901476802157,438.47438499573286,242.63478392147388,28,30,10,10,0.011700569714958094,0.011700569714958094,0.6477921692647595,269.8960895147536,717.7186594957784
302.2847513063034,1854.1885452035838,225.58728450059994,178.88563497915618,474.2313876097353,305.35535902003085,25,16,4,2,0.019814516831597805,0.009907258415798903,2.112528092639309,54.882023813929166,145.1816645762435
181.01167924802022,863.0975273197447,656.6912374356779,443.1209327703295,226.16201704645533,123.72295623894458,25,20,7,2,0.02713280711773705,0.007752230605067729,1.4485325741533857,24.195715695078235,217.2836374887945
808.5840854426029,968.5373391490809,441.8665035053679,352.2491503304142,525.9597929789843,142.75389760429698,25,20,9,7,0.02230545014856246,0.017348683448881907,0.4006419094736115,177.73247679484143,376.8051217953306
1883.3596488696733,1298.3953105704625,1147.5373307965483,522.7555535647582,555.9497338226968,234.55799778648102,25,16,22,7,0.02470238445285328,0.007859849598635135,0.1858968916808843,357.2202911419888,689.1774071677766
4314.044876967278,1932.9220854536475,1844.4732241499219,1007.5139095081014,1233.5792640952432,421.1465001157751,32,50,11,5,0.005545386055524669,0.0025206300252384865,0.1388529422267001,2721.740340912511,1536.885371881009
3211.9636232075227,1317.2709286257823,2083.5803298317437,462.46640197227555,1949.1245962954872,170.83256994364936,32,25,5,4,0.0034126194293610094,0.0027300955434888074,0.1470475757689232,2277.8603760747633,754.3522514331976
9187.93157242993,746.8136785917582,1373.0420560649998,1091.4775490620164,938.2047513535149,149.7511297502423,32,40,32,17,0.02413812720907481,0.012823380079820994,0.018687753045463936,2961.9598598672646,2121.353698757069
1036.9088617923117,779.0584825354297,496.41314209171435,449.5532067104075,623.0354050306031,56.59998097258053,20,16,16,6,0.017777998044440285,0.006666749266665106,0.22099188227521074,243.65579607281882,355.7529011485588
1158.0818859384897,1146.8696733505792,642.1402848526208,517.1205257595552,479.9889325523254,465.47841312538577,32,35,9,6,0.023622991862571344,0.01574866124171423,0.3341068256389265,209.17408768305214,623.6879799176995
1359.1082903307308,378.30859036792134,414.0279007773767,372.71395457288844,599.7995099569055,237.83634081130086,32,50,8,3,0.027568740429939655,0.01033827766122737,0.06154941459615653,409.64463976952635,495.3920061638041
1631.5100635464669,165.1212456254952,1182.8991244205688,452.86151211392195,695.2271972953737,180.56733849219484,32,50,8,2,0.014404568281393549,0.003601142070348387,0.023811603571676165,631.9722350389944,602.7809214695811
6861.033146341791,1629.0223702349497,2740.0967002010457,1102.110863867701,599.0705071854675,477.9561516185825,32,35,41,14,0.02284909407783677,0.007802129685114995,0.05388413850561403,1285.0981789211514,2446.675118404961
1100.3013777101794,1307.7082571985818,2046.9323609529567,634.4580860204899,440.1772918572508,59.55230696910831,28,16,17,4,0.02880591811033628,0.0067778630847850066,0.3005274689889324,254.62589810233442,615.9042213097373
2047.5085267589807,1934.8667372205605,1312.7797008942703,1123.221208708085,495.13901199804616,181.83478975650166,14,45,77,12,0.020069164253158,0.0031276619615311168,0.2881649046783325,576.842451416558,887.320269238592
370.55755900035444,203.768171114533,1197.626928925847,529.4926669565452,322.0319273511009,218.5289259062705,25,25,8,2,0.012406761824412846,0.0031016904561032115,0.15769835467851154,74.4780786672067,318.5397588552999
14020.804343452517,204.90993879856615,2565.5747938616732,979.9529533405159,1549.097541869174,71.06217667617199,32,30,28,11,0.013809194662074344,0.005425040760100634,0.0039009248193792754,4425.755979574184,1958.6532668798254
2238.8052443142287,209.2499922140962,1800.0967067991273,942.9565793178963,585.6366436867904,112.42660854763233,32,16,14,5,0.017359774810353126,0.006199919575126116,0.02178690833850835,489.69884067284636,793.5822864998544
423.88694284382575,1021.5781041809377,1494.862571754773,1192.9447671474097,266.3331787868624,134.68418292204544,28,50,10,8,0.01718133627888785,0.01374506902311028,0.8121937713197633,143.84745904698173,663.5452966639913
195.89587416130516,199.45228141490392,2638.2893250665406,960.310947506057,182.02825431580382,80.83137100767922,32,20,8,7,0.020725562282501858,0.018134866997189126,0.24380650714477634,37.51683901976383,580.9474295240934
614.9454921079954,1527.9825235122278,2043.6403506711413,1093.2579426829311,284.6912983064763,82.06631907440314,28,30,13,8,0.020565390238880373,0.01265562476238792,0.8118951497611538,148.91205739923157,680.1034929532757
194.99542646052805,1030.5510712964892,1006.1975386488313,446.3924500941727,267.5848985660143,74.43488397820728,16,35,13,10,0.01622303434257081,0.01247925718659293,1.6648234583217028,60.52147306972186,260.9110037053128
1945.7156626290116,416.5252039797045,1630.5277622950907,718.5071719669472,482.9591722838951,217.8223063623553,32,45,15,12,0.022108158291894425,0.01768652663351554,0.04501290961729784,619.3451994286077,1172.1022140937914
440.0553739976042,788.5157515512951,949.2843452944302,625.0360974332477,347.82318832846806,198.7967720404114,20,30,13,9,0.014489632951567142,0.010031284351084944,0.5955077447509716,113.63177428329662,396.731923829779
91.29102974610855,802.1897955104562,543.2099691139326,505.9224243681202,242.5377456300687,51.90715078037549,32,50,2,2,0.012905050096034184,0.012905050096034184,3.5163253040209117,38.55187090550674,205.99659899241152
863.287265728668,937.1930693777946,2480.5351943592823,705.401178582677,504.44170753142214,242.80867988525583,10,30,61,21,0.006088731412434157,0.0020961206501822513,0.32985761394346663,326.15222204737614,605.5756208055711
5218.539977725403,1242.954906000453,1849.519845420847,1087.5370629550882,941.1144949256229,280.29490950293894,32,20,18,14,0.011702150649949917,0.009101672727738824,0.06259444883120138,1471.9861427931937,1440.5384188322957
3468.028928303003,591.1006510330797,2441.52550298396,776.993663806099,724.8581523166937,261.3464506423545,28,25,21,5,0.012953727609660034,0.003084220859442865,0.03786019029961061,857.3267631753276,1025.265517824756
3448.656741987059,1424.2045237563386,2024.8108126584948,1123.8688546100516,648.8707675144316,237.51485996761454,20,25,46,26,0.015321060700580652,0.008659729961197762,0.11406991159082572,903.4442348886471,1261.714263551084
455.61695303429707,264.5517489827372,1731.6383755993027,1019.7940027118294,355.82337132388614,51.96193885516966,14,50,26,19,0.010009592223398782,0.007314702009406801,0.1455957031820849,227.8718393655787,529.0281584967457
378.4785192677854,1882.2557711869827,2864.0315318384164,489.3762214716726,238.54447254980917,70.56430296410554,20,16,20,12,0.022100243935325545,0.013260146361195328,1.4323791283454632,68.06622211910435,479.37254928192954
328.87977627788314,1040.2133020554452,2078.3694900935952,568.5102983599725,268.7559072635912,64.20308546520913,32,40,6,2,0.01932295938763782,0.006440986462545939,0.9623207278564545,96.47583212892818,387.95405520325045
129.80689267635069,688.5597051017126,2507.5025767877,586.3376657110157,149.41299104225402,50.807823544349006,14,25,35,13,0.029089343507906804,0.010804613302936814,1.1701092360563323,21.365238324743828,362.997582399087
1513.489107670518,164.11876420844803,1644.5473794594157,1010.0366543048494,495.7302338881864,139.02950560031164,20,25,28,17,0.014936558837762477,0.009068625008641504,0.023988739585297795,405.3670097633478,788.3317951153316
3336.238840552293,1454.0209164378607,984.4696226979036,573.3860536837777,1056.8258330930553,373.49453278191925,20,25,26,7,0.010754534931480313,0.002895451712321622,0.13056554919683627,946.4091241665014,709.1623638573121
555.9595142107472,1904.5465727446147,2634.2666155498787,812.1548452493205,270.9941571444541,100.29044359160342,32,45,10,8,0.019964960082901485,0.015971968066321188,1.0466304466586078,180.42249986903352,804.8320223527841
9507.430604839195,1705.621902891613,1096.2465202771102,984.5709150947383,1338.035987095252,426.59315273396317,32,30,23,7,0.013551115397138897,0.004124252512172708,0.044131139762803785,2749.4374248242084,1556.4403173162214
3201.492632485804,717.5697652905696,864.6632477453423,705.8377005667204,856.7264628164727,304.4657464682145,32,30,13,2,0.016009420087555227,0.002462987705777727,0.054114455226441836,814.9134554846394,764.968150480147
482.64905356778013,1615.9006179112655,430.89135253574557,202.0372552042947,481.91042155531846,182.75463238018685,25,35,6,2,0.02116017904998635,0.007053393016662116,1.134991476509362,116.59588490973847,222.74664448844737
2953.7986136994164,1788.721741626956,523.9116883712669,349.10741512605034,1027.4360506947064,162.97934498337457,28,40,12,7,0.019084458842024705,0.01113260099118108,0.18340863157316933,1031.457210890138,668.6336524851996
4511.308793337024,116.30457364892622,1958.1762350082595,970.6866522639735,528.1777512170107,461.0406042737605,32,50,31,15,0.02575672151099349,0.012462929763383947,0.005308039936261552,1033.1575722901052,2066.450225791517
10495.173891145769,1755.2502935136656,981.6405386672391,944.3865250215449,1336.1131547588202,283.1459497195112,28,50,33,6,0.015970237852977343,0.002903679609632244,0.04005695856482164,3881.023557078115,1759.9880138973078
2971.3753650518406,1327.6640015406836,1576.1419230984302,1187.1743274656997,524.5101194192234,322.5259821006076,20,30,58,6,0.02435547881799345,0.0025195322915165636,0.11162587119837163,586.6412362358859,1121.8085328109141
1009.075204687025,1450.0334070080053,2537.383027267447,973.2252072482323,242.61312156998324,223.271902609945,28,45,28,9,0.029454291242359685,0.009467450756472755,0.39627430927500734,169.2860734475711,1237.4619028245115
486.8338090500905,352.6545850001559,1675.96963175535,682.2308705266369,252.1265452542404,110.57857784637437,14,30,46,23,0.0251198374852281,0.01255991874261405,0.18990070008681567,96.80052049204616,541.6309810864092
838.7399309507275,1192.7840495961334,2796.582886833521,1093.9117869190295,509.7391397699663,180.09171599724908,8,35,91,58,0.005292654703701123,0.0033733403606007162,0.4459209585215997,462.05486441555865,724.2160252655931
652.9066572117697,255.77199682460503,2282.7030256786225,830.1797259923144,297.23183699623746,115.38678199207294,14,25,48,24,0.01783247548219622,0.00891623774109811,0.09352791126762498,145.78983497650222,599.109504006129
1934.1509939252105,646.5601458812606,1287.299505582843,828.0489574105001,804.1513707111887,282.1353685418395,10,16,81,24,0.007997667865380961,0.002369679367520285,0.08661720567455947,523.8507852464537,561.9041420881707
5726.92697259831,1696.7288227057984,913.1215114881493,460.34830964501623,1149.4107902306873,334.5112182306018,32,20,17,5,0.020088850700587427,0.005908485500172772,0.0747838434833621,1318.9223507800793,930.9040210448482
649.4080570041695,1018.3883278715917,2656.816151994227,1018.2229687505021,238.86055013137553,146.52194272142924,16,40,52,30,0.02163284109102602,0.012480485244822702,0.43614434552071285,148.60582078745105,907.988432939338
628.6199991714961,1417.709345341594,2747.0162272948205,732.7782782868369,450.95741874118204,159.36389556552857,10,30,51,22,0.0061486517740111605,0.002652359588789128,0.7132966829366308,280.97035087667336,517.041400614946
3465.6852322316113,765.0558593612204,2806.092690507943,1130.2081146432274,754.5417101279035,183.89143469023946,25,16,25,13,0.010570339015163726,0.005496576287885137,0.053378664251077776,947.8653830343551,1079.4966849193265
3016.384926003479,30.38084862045547,1428.599576243358,761.0296275542485,645.6371992834279,156.32698159102154,32,25,17,4,0.02295118731812358,0.005400279368970254,0.0022060933799454203,670.0777698041476,898.651095286931
2691.6552953061264,978.7813115988419,657.3787366260603,304.97506685849913,967.293024565212,281.335632717047,32,35,9,4,0.018364430590094204,0.008161969151152979,0.09858570895594378,794.5618853336669,604.8255758169272
2015.003717272238,1743.3339487576948,549.8476454143615,375.45720626223954,735.2150888525232,204.7676980648203,28,40,12,6,0.023701665916244428,0.011850832958122214,0.2721087926117311,616.4951173877822,603.1670720772918
263.8354172078991,1887.640366764652,2310.4861315877024,792.7049717484156,251.67940386302726,212.85981669377517,14,40,25,21,0.0073642988323479475,0.0061860110191722766,2.179943105110107,103.63453142607125,563.2309601208601
298.18134307407183,1390.3160537254637,974.9844839949116,535.8715574355497,282.54871841006764,88.327677148377,32,30,5,2,0.02114264268711368,0.008457057074845472,1.557115571717369,65.7058222237749,305.42915504343125
3122.846306978122,1084.195117491782,730.1057257744449,650.3092847238127,724.3310018774231,353.96505947261295,28,25,19,13,0.023432121522840143,0.016032504199837993,0.09168502816889193,712.9806574631881,970.1428338161753
3518.6637016890636,1416.0355113701821,1943.989355778847,754.8729932835041,881.1268059809325,323.8276294456875,28,45,17,8,0.009967350357756963,0.004690517815415041,0.1064332315891997,1546.7824199177912,1228.9435130778138
855.8348948855238,963.3607396947643,2519.5566757615748,753.8548088709423,624.4448872955422,197.50996748417217,8,35,73,25,0.004477668853683092,0.0015334482375627028,0.34538863150238536,515.2079194403107,601.8569236917875
8345.044038930964,1145.8621361996627,1410.8332673028463,1092.1130277614939,985.7499286734832,146.39881722780734,28,20,36,23,0.019735459813895715,0.012608765992211151,0.03143168576515268,2040.2105571337074,1815.4188388754412
559.2763279680298,320.41674792822425,2967.9884973881753,532.6355209139747,340.11639676407117,50.68074718937848,28,25,9,3,0.01819457697680802,0.006064858992269341,0.1636435603903892,140.74633888427903,410.7443465923707
1352.814905535149,630.1329265927723,1285.9296422416287,489.1333178720614,567.3752434136578,55.295002884025386,28,30,11,6,0.02106241962221409,0.011488592521207687,0.14131391698871967,373.15278465015393,553.4785171392984
3146.5649640186825,308.3063696303133,2677.985756351165,844.8756838196335,674.4121806160614,280.88938177649766,32,20,16,10,0.011863202379347598,0.007414501487092249,0.022104385062380973,806.8372697414285,1198.2872160413751
160.61226494860503,1356.6430267053893,436.5324684233605,222.5181211631937,355.8507415118421,276.7236752528662,25,20,3,3,0.01063986212174803,0.01063986212174803,3.079375293450586,36.1887093422188,163.74839416503522
3635.5669828886253,1685.1998219117067,2134.456460898006,547.307900808523,911.7731066210031,138.916714820835,32,45,13,6,0.014531188321010524,0.006706702302004857,0.1323578993394809,1571.6800349067485,1026.1207426878573
715.8200774520179,1384.802345457252,2565.8440152635885,889.2936358561616,272.6995190330225,223.03148062804033,25,30,20,10,0.015926255915090292,0.007963127957545146,0.5765374403542592,138.4213547113745,852.453774872299
11171.47641886247,503.483150705947,2679.9413591857538,1130.9055965132159,1070.7543236497934,459.2637871979565,32,25,35,5,0.014642934222770812,0.002091847746110116,0.01009331639645863,2542.5760400012628,2026.7786682054314
1467.1510852117337,165.81897929140786,1053.2847525632721,852.9091793663254,896.8252999855388,97.95899942487964,8,35,83,48,0.0053178164487533985,0.0030753637293995553,0.02634012224574195,725.6619604808384,649.0759105276361
2313.350209612109,1595.832719723164,2387.78515048656,878.876584787194,1146.5207227670132,94.94475892128838,8,30,100,37,0.004367443474663069,0.0016159540856253353,0.21402668923455825,1291.2553909853984,786.8237210729327
1839.392446208549,869.1388609717168,2408.3505240059562,1121.508308960054,697.8925002082996,417.88155532197845,8,20,138,46,0.005253277160232224,0.0017510923867440746,0.13542428252005886,573.3644253122603,824.2463818380475
1230.895267840425,91.8348125541097,619.1341510055571,485.5392910694152,498.96951686602483,301.37775998805796,25,45,15,3,0.026061162415171247,0.00521223248303425,0.015707431758926072,297.2621353635913,513.228966327519
761.2047303358595,1444.5889533589932,1248.740050685621,701.0260635044921,365.54860241829005,293.8652898147628,32,16,9,3,0.01734899327094843,0.0057829977569828096,0.6207574851930735,114.19434928412996,503.48209537308475
2574.202639967009,1102.510383570991,1455.9221067258068,919.6856714519392,1302.3083398752565,212.79965217308282,8,40,97,27,0.0037167692952066677,0.0010345646491812374,0.09986156064996005,1753.7118016153356,964.2761129703742
973.140149258796,835.7935700264235,1894.7011003142968,608.8017781702422,350.32935351983747,316.96142263055515,28,50,15,11,0.01487655578135533,0.010909474239660575,0.24865118604522282,270.4535107980292,1025.5313046391063
738.1027645840718,532.7122335690028,2212.3750878076494,791.2006932084188,316.1497744277614,240.570588139918,20,40,25,7,0.013266173343319901,0.0037145285361295717,0.19996468699957476,179.81354943753328,717.1849826971142
546.0131139373453,117.37029113753783,628.3381288245157,420.0796904176515,502.3741757326007,84.44568288672531,32,16,4,4,0.014071116321574973,0.014071116321574973,0.055555155529461914,137.48643107737257,320.79919905756367
1865.1575410671128,1089.3021287223073,741.4900057436826,457.551085391604,687.6157203658225,317.5262318734656,25,35,15,7,0.01819051222481586,0.008488905704914068,0.17604568906260704,498.4629988287357,623.5584524455453
1472.6448322657618,920.4176884052438,1109.535830317343,759.537529470046,462.9576955011794,326.7946631481043,32,40,12,4,0.020709738571750062,0.006903246190583354,0.19000689159085396,342.4393662158081,757.5134052944449
1686.7959217585942,904.833249747501,2610.34711133435,947.3345049230832,1040.8740594919745,194.7283572957434,8,50,81,54,0.0031082755258742298,0.002072183683916153,0.12413471815085057,1826.8761690721822,1115.0594452676883
940.2314271799295,947.4590609113704,762.006249442757,612.2727921292595,443.8826607831398,262.8032103008427,25,50,13,10,0.0205104202727222,0.01577724636363246,0.31311889456057157,304.9147707270945,640.8533416533467
1202.9867447368906,945.551100482726,2105.266291734323,946.3877665668507,655.4754637467523,313.7093212180145,8,30,97,23,0.004955611700563199,0.0011750419496180781,0.23893985445017818,516.3815349113867,678.2922808511348
1538.514862373499,333.5100305958039,489.3761706059518,251.89658057684912,1038.6386072405094,194.4096902927417,20,45,12,6,0.012248010241142306,0.006124005120571153,0.05076180630786182,664.8378813885205,404.65302590479155
872.486671152781,1640.2612289630424,447.2619680020099,194.72630979942556,759.7944957964154,72.49466210193226,28,25,5,3,0.018517807631177868,0.01111068457870672,0.7202742470796342,238.1776643054429,259.11106191338047
918.7816125868081,228.18618545660775,868.6299883379502,509.9330956037667,458.42010895453285,96.30296775031061,16,30,29,14,0.021731794087576032,0.010491210938829808,0.051754703853419334,232.49914731232664,458.35136171631217
1601.9613782931394,1705.519261861694,2154.188391975595,1194.2755631280218,402.79680903818416,292.0101896776604,32,20,16,5,0.01690140388780566,0.005281688714939269,0.35267528175617324,262.1537132807659,927.6864120462217
1094.3445367071993,123.39025611060363,1525.1812115890798,998.9452996014356,425.473430131112,91.83085216401491,25,40,16,7,0.016592356602992592,0.007259156013809259,0.02572852434584448,351.90713577316615,700.0914968793013
1493.9109736843807,1347.588550103031,2141.1889757555914,244.12010033460083,824.0515973991144,171.6576346949234,32,20,6,4,0.009159754861744099,0.006106503241162733,0.2952295096128362,554.3087292098245,499.24785223951335
5252.819485983785,349.63362951438626,2007.2000355863224,947.0459198442031,1899.720497540349,245.93451520722027,10,40,85,35,0.003240954941369954,0.0013345108582111576,0.015335116128171136,4219.418434115955,1500.0131705689478
894.4287009223849,1637.3241758722095,1369.1105148038168,547.4263065375737,396.211217611665,167.98169267652358,32,45,9,6,0.02039372481062142,0.013595816540414281,0.5878436059982443,279.9567140407731,682.2331527922536
527.957361200961,497.7630137642975,429.1986129297399,293.4449696415642,431.52457410909415,400.9267870505896,16,35,18,9,0.01998892599603709,0.009994462998018545,0.2904058674420022,102.92662996013627,302.24620590220945
2017.4599446592745,1626.707715866568,1041.9959608569068,713.127116558259,555.8125373615251,201.23649324287456,32,30,13,10,0.022603662767680062,0.01738743289821543,0.25969091139950945,515.3352431125538,930.4805213919212
985.6147993186786,759.8711942040941,524.8508596103607,330.28870981407647,552.2389784841795,398.03764552222066,20,16,17,8,0.020553723690293325,0.009672340560138035,0.22543022823965334,172.61986092649514,385.82848796937105
8919.195442319531,364.48499736205605,2425.7639182539215,1130.584004741479,802.1507358393939,309.93413410815504,32,16,38,22,0.023359293372787037,0.01352380142635039,0.008559306658430766,1868.246182419782,2284.086412740371
9725.185893811718,847.8439416366356,1334.0587180669122,662.3532208744577,1456.532240187421,83.27258876269815,28,35,27,13,0.01628856701964723,0.007842643379830148,0.021347466908636436,3158.9285324649168,1470.9101078781046
3447.519101709007,1069.8916473297195,1499.6659101965777,323.9083858771327,1008.2971056915156,198.62768480260988,32,20,11,6,0.015793947093809636,0.008614880232987074,0.0856513892672527,943.5387630446442,731.313928619632
1231.1446182276482,1681.1268696785976,2962.1335478093843,325.56414336148623,1027.731283264089,120.71532965695188,28,45,5,5,0.004715756417858958,0.004715756417858958,0.5205204178842826,1268.5820032852582,631.2476700781214
653.2994391459952,233.40217954170427,2075.8054915030552,328.5941187627153,456.6070271665749,157.1256842526135,28,35,7,5,0.010152067818189942,0.007251477012992815,0.08599452969987745,258.4759166867943,500.45709402270353
1860.7819401688632,1350.4171485431186,2964.660621022288,802.1931305938839,425.028989304322,58.65124414707842,32,30,17,6,0.029227444762082274,0.010315568739558448,0.23112313331137926,419.7794803017771,932.8391240253395
11798.105514243058,151.51615834060362,1912.7195504117706,1169.3842863806183,1277.423661876123,344.69473020401307,28,20,42,4,0.014777858416912515,0.0014074150873250011,0.002939304166041789,2772.8271120180793,1721.416082067848
2362.1674070805193,774.7320017876776,1559.4731141246557,1134.1318547766612,528.1586123756506,207.45828076011833,28,20,21,14,0.018815488557622537,0.012543659038415025,0.08821844758639752,511.9105149352724,1084.2691229566474
206.29144365299942,756.9691626854351,965.2100210656947,359.0257065640298,266.0971665970294,65.00675540806064,25,35,6,4,0.02182602529934321,0.014550683532895474,1.1487827757849498,55.48747601654599,258.9117016867268
7695.063485220061,769.4570047833585,2227.0633990486654,1170.9658609877501,1471.40380834036,310.64395626642306,16,40,64,32,0.006273891050037203,0.0031369455250186014,0.02335877548936909,4163.58834008823,1879.879437615607
2888.005862130094,19.378098056772814,1630.46143949296,1121.724549966943,1656.1821331313529,224.83910240606295,10,35,54,35,0.0021505056677118056,0.0013938462661095036,0.0017256765885246598,2644.2166892217115,1258.6937542912246
561.3215610596424,635.9822069536153,1463.2004064655714,570.0427754585978,282.72392223249386,258.5689036614982,28,25,12,7,0.018844387234727658,0.0109925592202578,0.3363544312070166,90.2131318571034,614.2852872466945
1826.4542267761162,595.6978165610311,1010.2805030630257,839.455601513767,692.3690994806947,292.86805703700946,32,40,9,8,0.011466642445216453,0.010192571062414625,0.08991334059400462,707.9330554013978,879.7158790834771
3007.39751377246,1750.4450288571231,2610.009064730392,1173.5879212967661,1092.4498306259816,77.21922738250369,8,25,137,54,0.0049435356136405826,0.0019485468842086965,0.1798998038986819,1354.690685944949,932.5897522352577
7428.83741335987,869.7635048685626,1885.6166343386872,1121.6401845186879,818.328123533207,65.63469826530088,32,50,30,11,0.024924696056639436,0.009139055220767793,0.028531864431999742,2591.284920848445,1910.2544760247756
407.07246971199544,452.4307043911,2579.7842230674228,623.3267653935441,224.20917618237345,106.40371164584576,25,25,16,11,0.022573458845534612,0.015519252956305045,0.2933511480917431,75.34499796599069,657.3874919806811
14954.10471319827,1885.3449330953963,1538.5987722797745,1121.82070503068,1216.4600193728309,157.66684348299947,32,50,39,17,0.021928475761233867,0.009558566357460918,0.029461894879268827,5653.402228896801,2679.4567154162614
735.7960937021804,308.35060428726615,655.9261431741522,193.12144237529907,638.0602470057454,269.0928350787656,32,50,4,2,0.01298427434043758,0.00649213717021879,0.10581098421164442,290.5837117035248,348.51449713564693
2597.9557081004496,969.5094301658899,940.6418394064764,827.7451170430907,854.9673700151413,342.722648499013,32,30,10,7,0.010775205949767127,0.00754264416483699,0.11725060769218959,833.8471080095807,869.7741467253093
317.6149773400326,889.7906555034925,1188.3936145248952,973.942808822429,247.38669971416536,240.8227304196298,16,45,24,12,0.0164925893052969,0.00824629465264845,0.8689860116024558,77.23635699120277,457.11820198650685
2368.4964969962525,1102.4560721720436,2916.4892739180436,1196.6422693854538,1216.9104530513303,237.25326549947468,8,30,96,64,0.0025884388770719326,0.001725625918047955,0.11780975648465451,2022.3011145027326,1152.9693462674466
4437.090754879208,572.5665268762829,2130.016705736586,1086.3880942821722,1950.6437283814946,244.98401258807033,8,16,109,49,0.0023070877365607982,0.0010371311843254964,0.030148687288582245,2621.7338932796642,1023.7728264240784
4968.820843958509,156.51789636616743,1362.6920772498354,684.1986377867968,850.3953130221598,54.82275871947411,28,45,25,13,0.024867372990971758,0.012931033955305316,0.007480815107386417,1739.8544958487305,1281.626561189821
1366.9262794959755,1161.5796162215179,2427.676004110603,1103.9422260351203,385.9268975515405,120.40411638143664,20,20,35,13,0.01878224055673789,0.006976260778216932,0.2612915458542776,274.249564595981,795.266489447754
2503.677317244538,1539.886447904346,2592.7157280192705,733.2174770361534,1094.369345947402,319.60521722304793,10,45,73,35,0.004104919176317578,0.0019681119338508936,0.1665764601743205,1990.2691248668789,1167.9911203340935
899.6572485595503,1797.4083131985285,299.32885131483977,220.52502408749234,598.0954865772056,479.20247874676346,28,35,7,3,0.025405609185184745,0.010888118222222033,0.6683724713680639,183.6081779800558,324.9723479034715
4431.645097586127,128.1104707035513,1334.8636028937435,598.7028959940571,904.1054265686197,324.91491226195,32,40,16,10,0.01648724040051813,0.010304525250323831,0.006620171868881306,1553.7090813659665,1243.725736119308
1611.064838547611,193.9600329830785,768.0125731256411,427.4561610666126,1505.6455413502804,167.27266147822627,8,25,52,15,0.0037310051924303264,0.00107625149781644,0.02793483189741627,827.4530653400051,411.9057805782436
4121.245285528206,804.6034627835542,681.6006308304425,500.20446267124817,1134.6222556900045,276.63979251449837,28,16,20,4,0.01993614130842356,0.003987228261684711,0.035129805973728945,1089.601949319681,764.6169864448892
2038.3206919926383,611.1389679659309,2260.2624635322322,511.31379528730895,759.6912079820994,168.74617043761322,32,45,9,4,0.010588879299979169,0.004706168577768519,0.06938486418087011,988.5752662880702,816.8494625744249
1427.2356629688652,57.489040833927206,1394.2215296397787,817.862309198962,488.8969800851296,375.9538369134682,14,45,54,28,0.013482861260993738,0.006991113246441198,0.008323933056027428,431.7720532407565,860.9524841494174
1629.2298753625387,249.48328320830373,2305.2747125603087,778.6783657880059,445.9108530161129,81.299215305418,25,20,26,5,0.02707797097258953,0.00520730211011337,0.029125335598614528,326.2919349255354,760.7153274176208
5611.8239418108005,1073.8887247994385,2101.4714070609853,1123.1899385562765,708.0952349281749,115.58757928260205,28,45,35,7,0.023724420082959857,0.004744884016591972,0.04533307414222285,1692.7736318626123,1551.0574573047352
4449.431853873215,892.7275878977538,1160.9189257771561,1107.2550771855326,1331.5303417330695,60.43340165034269,12,40,73,30,0.0055875603251306786,0.0022962576678619228,0.0479818012831386,2287.448012315264,1266.4022966675648
506.61474228067846,1579.6508081634818,2837.450090081538,584.6108762864583,244.63260468521574,85.8978963019743,25,45,17,10,0.024796836909110942,0.014586374652418197,0.8710180878720598,139.47766326456173,717.4822252241247
2088.9092585388257,1598.4958921347693,2311.51523629067,716.5288012263142,609.8245693905105,68.30148701274727,32,16,12,7,0.01767911517890022,0.010312817187691795,0.2744532049882031,499.9713304938096,762.7727452319191
872.6876273430607,734.9090478898223,2938.2928565858906,491.5669799763964,686.6769280771945,106.85228789480794,14,16,22,9,0.00565395033961588,0.002312979684388315,0.27390285007717463,366.283316399522,366.7612946959324
4553.225839514605,1398.2929184440973,1145.0999664757253,576.9471931976931,934.5895303887758,63.373642000069836,25,45,26,7,0.022187749691284533,0.005973624916884297,0.07623133485242553,1530.9988945804519,975.2635940537091
4591.483814698207,432.3639602045998,1949.8291504246663,858.2849065596666,825.1154627707269,93.53747828872082,25,16,30,18,0.018174130917834853,0.010904478550700914,0.022136492542554606,1113.9081326742205,1166.7135733184423
221.37680777243176,133.7973320922659,1082.3030157805524,280.8418108829982,377.41568020942753,61.75749212012848,8,35,35,13,0.011314477275331438,0.004202520130837392,0.15917794466514545,84.84576868636745,171.84215172617326
917.2234808474448,1014.166520906363,2355.5021818278396,869.8977059200612,374.3089820802328,142.37871253337573,32,40,10,8,0.014973083805055803,0.011978467044044643,0.3492082005990494,322.6953323955231,859.2790136012825
4410.345532594753,1446.4077109304997,1247.9084816835132,1062.444362354052,852.7118766714718,482.1248803509689,20,35,44,10,0.013887225087266251,0.0031561875198332394,0.08375694365233576,1195.4780738829966,1159.307309057542
2952.1287663128824,463.05544573212626,1137.6278835106068,1014.7175105550624,1198.354397277631,301.05485588449716,10,35,78,34,0.0048891741641460835,0.0021311784818072673,0.03697117760989431,1454.0728322467492,969.5588954645609
810.9426690110406,1311.3169358079729,1025.5348000413042,1003.9592172554967,341.00685162924356,258.54151006479105,28,35,13,5,0.023006522774828807,0.008848662605703387,0.548030801405728,163.05673229166058,606.2255941899405
596.8846530225062,786.0726932852153,2381.277589558523,698.4212077059119,267.2517703088281,155.77966994722507,28,25,14,9,0.01920756494415345,0.012347720321241502,0.37928661659600765,110.92249812038368,733.2695639468534
1110.07809219392,1616.1113648580147,2458.686290704532,789.742588905414,328.23299034923207,143.5419703136443,28,16,19,7,0.02345567136500057,0.008641563134473895,0.44188140300388884,167.71760244112363,777.209513235997
3328.2883079844037,1711.7310445160247,1268.5014099433843,832.5460152308251,621.8823505172725,205.89031337474808,32,20,19,11,0.025153233431459428,0.014562398302423878,0.1520145217250071,697.2375794168183,1157.2155793352604
1556.5764992935738,1171.6598027375449,2466.77755497652,1002.0813484781465,702.002954283918,63.231809845998214,8,16,116,59,0.007324389416894258,0.0037253359965238033,0.248750318387216,500.2754682403511,583.6450473807951
2188.389190811833,906.4869429116719,1485.1092340571722,682.5624619013739,593.2735551336382,253.23059908609645,25,35,21,8,0.01694962755289207,0.006457000972530312,0.11208560457608507,581.7211245206992,859.2661558918825
388.5600362427679,1023.6938175112483,670.4507720394798,601.7517341339712,358.6088655432833,166.1673049188397,20,45,11,7,0.015209570483491875,0.00967881758040392,0.9148001862794648,131.60071781902315,356.2997420218148
5435.17013789597,805.8632623562195,2148.108338663614,1062.7004261955574,850.5956597724202,234.18295737753488,28,16,32,3,0.017013952218432115,0.001595058020478011,0.030621802946638934,1169.2107630062499,1192.2456851810348
2004.8484477689879,162.47718582208458,1341.7470155469011,287.2948885694793,940.0720446812476,56.86845411230794,28,50,9,5,0.01679105505776477,0.009328363920980428,0.020467233397967983,899.0038742119967,549.4355210987526
1469.7327872081644,248.0053786725885,1782.243421049193,1175.414477040006,436.2531547808367,287.3964652611389,20,20,32,26,0.014629521413821341,0.011886486148729841,0.036355419880532924,311.17189380894143,953.8740124091905
225.1151691695751,1386.4974501409538,1752.0696203943219,1144.406441834925,228.53851666629237,141.7149495649528,14,45,25,8,0.011069712663950923,0.003542308052464295,1.903106040524774,79.01595283965447,406.203806410644
543.6171100306694,789.6173983184026,2884.5398762681316,812.6121798595174,359.7129670203356,76.60864476355735,25,35,10,6,0.010883283259952319,0.006529969955971392,0.4752538082635693,220.59634589467538,531.8226392870413
1998.994434691563,942.2472130671969,913.3653439687889,746.6840174772808,690.3957157096062,273.3532452131906,25,45,16,10,0.013998212415934711,0.008748882759959194,0.128766278293315,748.7987843778463,833.1120109384387
15346.196196566743,400.7528474780776,1926.5559728728144,1185.7200840919388,1799.972613998129,117.00885032139054,32,25,26,15,0.009415096784850382,0.00543178660664445,0.006853077619206276,5148.581397258175,2177.6687327827176
1342.6577220704648,900.8140085261273,2464.1886941076523,893.8013944434748,1292.6284575991249,447.7208829371708,8,30,51,50,0.0013793978539497031,0.0013523508372055913,0.20226156956443994,1839.1622340826748,1034.5513139025247
